{
	"skin-name": "pepper-grinder",
	"preview-bg": "#eeeeee",
	"text": "#333333",
	"text-inverse": "#ffffff",
	"text-disabled": "#654b24",
	"has-gradients": true,
	"has-radius": true,
	"has-boxshadow": true,
	"btn-text": "#333333",
	"btn-text-shadow": "#ffffff",
	"btn-bg": "#f2f1ee",
	"btn-bg-hlight": "#e6e4da",
	"btn-border-top": "rgba(0,0,0,0.1)",
	"btn-border-right": "rgba(0,0,0,0.1)",
	"btn-border-bottom": "rgba(0,0,0,0.25)",
	"btn-border-left": "rgba(0,0,0,0.25)",
	"btn-split-border": "#bdbdbd",
	"btn-primary-text": "#ffffff",
	"btn-primary-text-shadow": "#453821",
	"btn-primary-bg": "#d4d1bf",
	"btn-primary-bg-hlight": "#bcbaae",
	"menu-bg": "#ffffff",
	"menu-border": "rgba(0,0,0,0.2)",
	"menuitem-text": "#333333",
	"menuitem-bg-selected": "#69654d",
	"menuitem-bg-selected-hlight": "#bcbaae",
	"menuitem-separator-top": "#cbcbcb",
	"menuitem-separator-bottom": "#ffffff",
	"menuitem-text-inverse": "#ffffff",
	"menuitem-bg-active": "#d4d1bf",
	"menuitem-text-active": "#333333",
	"menuitem-preview-border-active": "#aaaaaa",
	"checkbox-border": "#bcbaae",
	"checkbox-border-focus": "#b83400",
	"panel-border": "#9e9e9e",
	"panel-bg": "#fdfdfd",
	"panel-bg-hlight": "#f7f0d5",
	"textbox-bg": "#ffffff",
	"textbox-border": "#c5c5c5",
	"textbox-border-focus": "#b83400",
	"window-bg": "#ffffff",
	"window-border": "#c4c4c4",
	"tab-bg": "#fdebce",
	"tab-bg-hover": "#d4ac6b",
	"tab-bg-active": "#faf7ea",
	"tab-border": "#c5c5c5",
	"colorbtn-backcolor-bg": "#bbbbbb",
	"grid-border": "#d6d6d6",
	"grid-border-active": "#a1a1a1"
}